680,0.08,1200.0,72,0,0,0.157301,15.73,MANUAL_REVIEW
728,0.12685347776582667,12081.51,60,0,0,0.337075,33.71,APPROVED
700,0.1,1000.0,60,0,0,0.150000,15.00,MANUAL_REVIEW
750,0.1,1000.0,60,0,0,0.263732,26.37,APPROVED
500,0.1,1000.0,60,0,0,0.163757,16.38,DECLINED
728,0.12685347776582667,12081.51,60,0,0,0.337075,33.71,APPROVED
700,0.1,1000.0,60,0,0,0.150000,15.00,MANUAL_REVIEW
750,0.1,1000.0,60,0,0,0.263732,26.37,APPROVED
500,0.1,1000.0,60,0,0,0.163757,16.38,DECLINED
728,0.12685347776582667,12081.51,60,0,0,0.337075,33.71,APPROVED
700,0.1,1000.0,60,0,0,0.150000,15.00,MANUAL_REVIEW
750,0.1,1000.0,60,0,0,0.263732,26.37,APPROVED
500,0.1,1000.0,60,0,0,0.163757,16.38,DECLINED
700,0.1,1000.0,60,0,0,0.150000,15.00,MANUAL_REVIEW
750,0.1,1000.0,60,0,0,0.263732,26.37,APPROVED
500,0.1,1000.0,60,0,0,0.163757,16.38,DECLINED
728,0.12685347776582667,12081.51,60,0,0,0.337075,33.71,APPROVED
700,0.1,1000.0,60,0,0,0.150000,15.00,MANUAL_REVIEW
750,0.1,1000.0,60,0,0,0.263732,26.37,APPROVED
500,0.1,1000.0,60,0,0,0.163757,16.38,DECLINED
728,0.12685347776582667,12081.51,60,0,0,0.337075,33.71,APPROVED
700,0.1,1000.0,60,0,0,0.150000,15.00,MANUAL_REVIEW
750,0.1,1000.0,60,0,0,0.263732,26.37,APPROVED
700,0.1,1000.0,60,0,0,0.150000,15.00,MANUAL_REVIEW
750,0.1,1000.0,60,0,0,0.263732,26.37,APPROVED
500,0.1,1000.0,60,0,0,0.163757,16.38,DECLINED
728,0.12685347776582667,12081.51,60,0,0,0.337075,33.71,APPROVED
700,0.1,1000.0,60,0,0,0.150000,15.00,MANUAL_REVIEW
500,0.1,1000.0,60,0,0,0.163757,16.38,DECLINED
700,0.1,1000.0,60,0,0,0.150000,15.00,MANUAL_REVIEW
762,0.05553811008049827,5081.26,60,0,0,0.792300,79.23,APPROVED
728,0.12685347776582667,12081.51,60,0,0,0.337075,33.71,APPROVED
700,0.1,1000.0,60,0,0,0.150000,15.00,MANUAL_REVIEW
750,0.1,1000.0,60,0,0,0.263732,26.37,APPROVED
500,0.1,1000.0,60,0,0,0.163757,16.38,DECLINED
728,0.12685347776582667,12081.51,60,0,0,0.337075,33.71,APPROVED
700,0.1,1000.0,60,0,0,0.150000,15.00,MANUAL_REVIEW
750,0.1,1000.0,60,0,0,0.263732,26.37,APPROVED
500,0.1,1000.0,60,0,0,0.163757,16.38,DECLINED
728,0.12685347776582667,12081.51,60,0,0,0.337075,33.71,APPROVED
700,0.1,1000.0,60,0,0,0.150000,15.00,MANUAL_REVIEW
750,0.1,1000.0,60,0,0,0.263732,26.37,APPROVED
728,0.12685347776582667,12081.51,60,0,0,0.337075,33.71,APPROVED
700,0.1,1000.0,60,0,0,0.150000,15.00,MANUAL_REVIEW
750,0.1,1000.0,60,0,0,0.263732,26.37,APPROVED
500,0.1,1000.0,60,0,0,0.163757,16.38,DECLINED
728,0.12685347776582667,12081.51,60,0,0,0.337075,33.71,APPROVED
700,0.1,1000.0,60,0,0,0.150000,15.00,MANUAL_REVIEW
750,0.1,1000.0,60,0,0,0.263732,26.37,APPROVED
500,0.1,1000.0,60,0,0,0.163757,16.38,DECLINED
728,0.12685347776582667,12081.51,60,0,0,0.337075,33.71,APPROVED
700,0.1,1000.0,60,0,0,0.150000,15.00,MANUAL_REVIEW
750,0.1,1000.0,60,0,0,0.263732,26.37,APPROVED
500,0.1,1000.0,60,0,0,0.163757,16.38,DECLINED
728,0.12685347776582667,12081.51,60,0,0,0.337075,33.71,APPROVED
700,0.1,1000.0,60,0,0,0.150000,15.00,MANUAL_REVIEW
750,0.1,1000.0,60,0,0,0.263732,26.37,APPROVED
500,0.1,1000.0,60,0,0,0.163757,16.38,DECLINED
728,0.12685347776582667,12081.51,60,0,0,0.337075,33.71,APPROVED
700,0.1,1000.0,60,0,0,0.150000,15.00,MANUAL_REVIEW
750,0.1,1000.0,60,0,0,0.263732,26.37,APPROVED
500,0.1,1000.0,60,0,0,0.163757,16.38,DECLINED
728,0.12685347776582667,12081.51,60,0,0,0.337075,33.71,APPROVED
700,0.1,1000.0,60,0,0,0.150000,15.00,MANUAL_REVIEW
500,0.1,1000.0,60,0,0,0.163757,16.38,DECLINED
728,0.12685347776582667,12081.51,60,0,0,0.337075,33.71,APPROVED
700,0.1,1000.0,60,0,0,0.150000,15.00,MANUAL_REVIEW
750,0.1,1000.0,60,0,0,0.263732,26.37,APPROVED
500,0.1,1000.0,60,0,0,0.163757,16.38,DECLINED
0,0.0,0.0,60,0,1,0.944435,94.44,DECLINED
735,0.18390945321577504,37178.53,60,0,0,0.076054,7.61,MANUAL_REVIEW
807,0.185230780709867,34258.72,60,0,0,0.204722,20.47,APPROVED
776,0.14340410078050717,17248.02,60,0,0,0.283808,28.38,APPROVED
727,0.2021277815442549,37198.75,60,0,0,0.089745,8.97,MANUAL_REVIEW
727,0.2021277815442549,37198.75,60,0,0,0.089745,8.97,MANUAL_REVIEW
727,0.2021277815442549,37198.75,60,0,0,0.089745,8.97,MANUAL_REVIEW
727,0.2021277815442549,37198.75,60,0,0,0.089745,8.97,MANUAL_REVIEW
727,0.2021277815442549,37198.75,60,0,0,0.089745,8.97,MANUAL_REVIEW
727,0.2021277815442549,37198.75,60,0,0,0.089745,8.97,MANUAL_REVIEW
811,0.19255666439493582,32410.199999999997,60,0,0,0.199176,19.92,MANUAL_REVIEW
795,0.12106108980405408,22212.749999999996,60,0,0,0.227390,22.74,APPROVED
762,0.09651943307320256,21911.14,60,0,0,0.204319,20.43,APPROVED
786,0.1994527511317559,21388.96,60,0,0,0.114269,11.43,MANUAL_REVIEW
790,0.21248267606822122,27400.609999999997,60,0,0,0.164985,16.50,MANUAL_REVIEW
830,0.22684215432781651,38616.979999999996,60,0,0,0.077744,7.77,MANUAL_REVIEW
788,0.14006110393854443,36436.920000000006,60,0,0,0.017222,1.72,MANUAL_REVIEW
788,0.14006110393854443,36436.920000000006,60,0,0,0.017222,1.72,MANUAL_REVIEW
744,0.07989390413958479,5547.76,60,0,0,0.298935,29.89,APPROVED
801,0.06290922424629902,7306.9800000000005,60,0,0,0.143986,14.40,MANUAL_REVIEW
744,0.07989390413958479,5547.76,60,0,0,0.298935,29.89,APPROVED
797,0.1270491890287413,16157.830000000002,60,0,0,0.242507,24.25,APPROVED
792,0.12211892005211188,17848.270000000004,60,0,0,0.157149,15.71,MANUAL_REVIEW
797,0.1270491890287413,16157.830000000002,60,0,0,0.242507,24.25,APPROVED
737,0.249355543851645,24955.629999999997,60,0,0,0.524500,52.45,APPROVED
835,0.1775323391304747,36747.41,60,0,0,0.080877,8.09,MANUAL_REVIEW
835,0.1775323391304747,36747.41,60,0,0,0.080877,8.09,MANUAL_REVIEW
766,0.10672863536986238,19716.190000000002,60,0,0,0.063128,6.31,MANUAL_REVIEW
795,0.14290847729793024,11743.96,60,0,0,0.460994,46.10,APPROVED
727,0.1820803320014172,34369.6,60,0,0,0.500000,50.00,APPROVED
752,0.23088655271676367,32249.04,60,0,0,0.934069,93.41,APPROVED
